category,classification,kneedle_point,recommended_num_train_images,all_num_train_images,training_images_reduction_percent,chance_level,performance_retention,stability_margin_std_multiplier,image_auroc_target,image_auroc_max,recommended_image_auroc,recommended_image_auroc_std,recommended_image_auroc_lower_bound,image_auroc_robust_retention_vs_max_percent,pixel_aupr_mean,pixel_aupr_std,pixel_aupr_retention_vs_all_percent,memory_bank_size_mb,memory_bank_reduction_percent
bottle,one_shot,,1,209,99.52153110047847,0.5,0.95,1.0,0.975,1.0,0.9950793862342835,0.0044708587906792,0.9906085274436043,98.12170548872086,0.7733854293823242,0.011251986420201783,99.40420090541164,0.45703125,99.52395483674093
cable,knee_point,30,50,224,77.67857142857143,0.5,0.95,1.0,0.9632496359944344,0.9876311957836151,0.975,0.006426201739841898,0.9685737982601581,96.09184201334122,0.6549199521541595,0.0017576939095163586,98.11500327029667,22.96875,77.67780878082114
capsule,knee_point,30,164,219,25.114155251141554,0.5,0.95,1.0,0.9548404690623282,0.9787794411182403,0.9686079084873199,0.007093326105561014,0.9615145823817589,96.39398494301311,0.4644111514091492,0.0023489118131531095,99.56925118130344,75.333984375,25.115032908148407
carpet,one_shot,,1,280,99.64285714285714,0.5,0.95,1.0,0.9658125418424606,0.9903289914131165,0.9858747720718384,0.0031811437670944014,0.9826936283047439,98.44280814675722,0.6600757300853729,0.013264924919105248,106.64037074862084,0.45703125,99.64467930029154
grid,knee_point,30,132,264,50.0,0.5,0.95,1.0,0.9559523969888687,0.9799498915672302,0.9721804738044739,0.004074676403487139,0.9681057974009868,97.53222276442908,0.3240533024072647,0.004042557446992319,98.1530542385168,60.6328125,50.002415809054455
hazelnut,knee_point,15,15,391,96.16368286445012,0.5,0.95,1.0,0.975,1.0,0.9971785843372345,0.002145832656126155,0.9950327516811084,99.00655033622168,0.5397792398929596,0.024018840558009617,93.5316956660078,6.890625,96.16363280485417
leather,one_shot,,1,245,99.59183673469387,0.5,0.95,1.0,0.975,1.0,1.0,0.0,1.0,100.0,0.45378123223781586,0.006368672946438892,101.91708890342888,0.45703125,99.59391920033319
metal_nut,knee_point,15,15,220,93.18181818181819,0.5,0.95,1.0,0.9729105535149574,0.9978005826473236,0.9833333551883697,0.006494148583818657,0.976839206604551,95.78920218789236,0.869625860452652,0.003138139657824519,98.56023993467824,6.890625,93.18181818181819
pill,knee_point,30,133,267,50.18726591760299,0.5,0.95,1.0,0.9227059167623519,0.9449535965919494,0.9377523243427277,0.005464313081490689,0.9322880112612371,97.15350422432307,0.763871967792511,0.002088844929698273,99.54194755688859,61.095703125,50.18631759984712
screw,knee_point,80,240,320,25.0,0.5,0.95,1.0,0.9576316845417022,0.981717562675476,0.9788891315460205,0.006466990507015084,0.9724221410390055,98.07035857591667,0.3398596316576004,0.006493720796868667,98.51927658919915,110.25,25.0
tile,one_shot,,1,230,99.56521739130434,0.5,0.95,1.0,0.9650613114237785,0.9895382225513458,0.9889249622821807,0.002534103116802935,0.9863908591653778,99.35707504726295,0.5161967873573303,0.005083982620947231,99.85478280051669,0.45703125,99.56743566992014
toothbrush,knee_point,15,20,60,66.66666666666666,0.5,0.95,1.0,0.9744722151756287,0.9994444370269775,0.9922222077846528,0.009693522512160054,0.9825286852724927,96.61308636148227,0.5755259335041046,0.004885440626395434,101.82250215121499,9.1875,66.66666666666666
transistor,knee_point,15,15,213,92.95774647887323,0.5,0.95,1.0,0.9744457715749739,0.9994166016578674,0.9897916257381439,0.01379024039780431,0.9760013853403396,95.31148619413163,0.6669491946697235,0.028806278615472972,94.21172978923595,6.890625,92.95766213545721
wood,one_shot,,1,247,99.59514170040485,0.5,0.95,1.0,0.9642500591278076,0.9886842727661133,0.9797368526458741,0.0037547841630583218,0.9759820684828158,97.40073397259158,0.4334237605333328,0.007681197708051139,92.34826091629212,0.45703125,99.59719066308614
zipper,knee_point,30,30,240,87.5,0.5,0.95,1.0,0.9675905653834342,0.9922005951404571,0.9828518629074097,0.005693234486263983,0.9771586284211456,96.94393569048428,0.5033452779054641,0.005948399179107647,97.50195821193454,13.78125,87.5
