category,num_train_images,num_runs,image_auroc_mean,image_auroc_std,pixel_aupr_mean,pixel_aupr_std,memory_bank_size_mb
bottle,1,10,0.9950793862342835,0.0044708587906792,0.7733854293823242,0.011251986420201783,0.45703125
bottle,2,10,0.9975396990776062,0.0019955348014175497,0.7835784375667572,0.0022636682975588486,0.9140625
bottle,5,10,0.997777795791626,0.002559424983302896,0.785288280248642,0.0023962463153942874,2.296875
bottle,10,10,0.9989682555198669,0.0018725128532647245,0.7841795444488525,0.0021250606871939257,4.59375
bottle,15,10,1.0,0.0,0.7817268610000611,0.0026401889029044365,6.890625
bottle,20,10,1.0,0.0,0.7818551480770111,0.0018658541608445405,9.1875
bottle,30,10,1.0,0.0,0.7807655513286591,0.0016262808052624922,13.78125
bottle,50,10,1.0,0.0,0.7794546186923981,0.00217172205013525,22.96875
bottle,52,10,1.0,0.0,0.7797687292098999,0.002254897248992779,23.8828125
bottle,104,10,1.0,0.0,0.7793985664844513,0.0016203229668622322,47.771484375
bottle,156,10,1.0,0.0,0.7793304741382598,0.0013838156455187164,71.66015625
bottle,209,10,1.0,0.0,0.7780208706855773,0.00033082229174006845,96.005859375
cable,1,10,0.8404609858989716,0.04122068765072823,0.5007864564657212,0.01961040157786143,0.45703125
cable,2,10,0.8743628263473511,0.038177785153426354,0.545810404419899,0.026492817685126395,0.9140625
cable,5,10,0.9203148484230042,0.024729374255535314,0.6002853214740753,0.020112121824435863,2.296875
cable,10,10,0.9420727312564849,0.01725031281431158,0.621533340215683,0.007305747049073744,4.59375
cable,15,10,0.9503186106681824,0.01616588076093703,0.6326093435287475,0.006664589835383277,6.890625
cable,20,10,0.9575150072574615,0.012895247212765585,0.6386357307434082,0.0042606931482959695,9.1875
cable,30,10,0.9663043439388275,0.009415525858571793,0.646515142917633,0.002313166353116919,13.78125
cable,50,10,0.975,0.006426201739841898,0.6549199521541595,0.0017576939095163586,22.96875
cable,56,10,0.9736694455146789,0.006710257597392444,0.6566840827465057,0.0031442999740139053,25.72265625
cable,112,10,0.9830584645271301,0.0038561215288478163,0.6614657282829285,0.001712369875419778,51.4453125
cable,168,10,0.9859258234500885,0.0032211891585766424,0.665039324760437,0.0016208494714420696,77.173828125
cable,224,10,0.9876311957836151,0.0022952325199116466,0.667502349615097,0.0009828695960691165,102.896484375
capsule,1,10,0.6643797278404235,0.03537972634806525,0.27044838368892665,0.06190081749301925,0.45703125
capsule,2,10,0.745073801279068,0.04957984073823785,0.3462894931435585,0.06347422487946368,0.9140625
capsule,5,10,0.8337056279182434,0.04301753705859578,0.41480647325515746,0.014315824517573125,2.296875
capsule,10,10,0.8756282448768615,0.03197914648500674,0.4287938684225082,0.00976000574523882,4.59375
capsule,15,10,0.9015955328941345,0.02463908015284021,0.4423204302787781,0.009819838503134067,6.890625
capsule,20,10,0.9066613256931305,0.030818852089955422,0.4453100025653839,0.009898715222416032,9.1875
capsule,30,10,0.9238133251667022,0.022620591655357875,0.4569007307291031,0.004278788463318118,13.78125
capsule,50,10,0.9389309704303741,0.016468345291808,0.4608345925807953,0.004384525339659099,22.96875
capsule,54,10,0.9402872085571289,0.015448735126044883,0.46040540635585786,0.004784217007000548,24.802734375
capsule,109,10,0.9560829639434815,0.010579306301195256,0.462659016251564,0.003440020798746023,50.068359375
capsule,164,10,0.9686079084873199,0.007093326105561014,0.4644111514091492,0.0023489118131531095,75.333984375
capsule,219,10,0.9787794411182403,0.002347066407038712,0.46642025113105773,0.0008757495781127347,100.599609375
carpet,1,10,0.9858747720718384,0.0031811437670944014,0.6600757300853729,0.013264924919105248,0.45703125
carpet,2,10,0.9863964557647705,0.002776631659700146,0.6538263738155365,0.007699615153657795,0.9140625
carpet,5,10,0.9866773366928101,0.002307501812446092,0.6503489792346955,0.00674707896845409,2.296875
carpet,10,10,0.9868378281593323,0.002061851570797748,0.6507885456085205,0.007096921167250712,4.59375
carpet,15,10,0.9876002669334412,0.001542033105735396,0.6487234592437744,0.005399360609668799,6.890625
carpet,20,10,0.9875601708889008,0.0021979076885353,0.6449460983276367,0.009606733715663689,9.1875
carpet,30,10,0.9882824897766114,0.0021385135285473538,0.6448236167430877,0.011180329041337924,13.78125
carpet,50,10,0.989004784822464,0.000986549251885574,0.6414058446884155,0.014331984116985559,22.96875
carpet,70,10,0.988523256778717,0.001796592640683502,0.6355958163738251,0.014376157308817116,32.15625
carpet,140,10,0.9895264506340027,0.0011576371627468529,0.6273989617824555,0.009201538199474724,64.3125
carpet,210,10,0.9900882482528687,0.0008882821252178308,0.6243750989437103,0.004930840091232607,96.46875
carpet,280,10,0.9903289914131165,0.000812544039472631,0.6189735889434814,0.001873150608945289,128.625
grid,1,10,0.5424394220113754,0.06743331947360166,0.0174094090238213,0.0068269026612344675,0.45703125
grid,2,10,0.5969924777746201,0.07097885116045419,0.04072538185864682,0.03379124161448372,0.9140625
grid,5,10,0.7056808710098267,0.05644173118183048,0.06813179980963463,0.03396215516620045,2.296875
grid,10,10,0.7987468600273132,0.03080494814028004,0.1295240983366966,0.04410907578682428,4.59375
grid,15,10,0.8307435512542725,0.035101425000093084,0.16512338593602177,0.04674023302108868,6.890625
grid,20,10,0.8839599132537842,0.023979320659563156,0.22202693074941632,0.03341594940137861,9.1875
grid,30,10,0.9123642385005951,0.02416296152488166,0.2511104688048363,0.026689625049858,13.78125
grid,50,10,0.9390142083168029,0.010419546982859476,0.2769368588924408,0.019249482467871896,22.96875
grid,66,10,0.9584795534610748,0.005165661998768359,0.2981287330389023,0.01743835932925764,30.31640625
grid,132,10,0.9721804738044739,0.004074676403487139,0.3240533024072647,0.004042557446992319,60.6328125
grid,198,10,0.9770259320735931,0.004059418163521401,0.3280420511960983,0.0030720649469747393,90.955078125
grid,264,10,0.9799498915672302,0.0023629209149147227,0.33015101253986356,0.0012149466358458562,121.271484375
hazelnut,1,10,0.8936428546905517,0.025470513958621602,0.3294427901506424,0.0343731812371637,0.45703125
hazelnut,2,10,0.9362857341766357,0.03561662048232943,0.3905643761157989,0.04820035039862814,0.9140625
hazelnut,5,10,0.9807499885559082,0.011589217035133492,0.48071518540382385,0.039917231783494087,2.296875
hazelnut,10,10,0.9929285705089569,0.007297540706987824,0.521076500415802,0.02585466708167558,4.59375
hazelnut,15,10,0.9971785843372345,0.002145832656126155,0.5397792398929596,0.024018840558009617,6.890625
hazelnut,20,10,0.9980357468128205,0.0015726267914568201,0.5463354885578156,0.024055919294680136,9.1875
hazelnut,30,10,0.9994642972946167,0.0006355251459174176,0.5630662441253662,0.01602618584514608,13.78125
hazelnut,50,10,0.9999285817146302,0.00015056296556845364,0.5696823835372925,0.009443512869002477,22.96875
hazelnut,97,10,1.0,0.0,0.5740994870662689,0.006421475970572708,44.5546875
hazelnut,195,10,1.0,0.0,0.5746252596378326,0.0035817772813686796,89.578125
hazelnut,293,10,1.0,0.0,0.5760447025299072,0.0027690155992099812,134.595703125
hazelnut,391,10,1.0,0.0,0.5771083652973175,0.0012564660400629295,179.61328125
leather,1,10,1.0,0.0,0.45378123223781586,0.006368672946438892,0.45703125
leather,2,10,1.0,0.0,0.4518391013145447,0.003552947748833868,0.9140625
leather,5,10,1.0,0.0,0.45247012078762056,0.004385085095046383,2.296875
leather,10,10,1.0,0.0,0.45042461454868316,0.004122735896071331,4.59375
leather,15,10,1.0,0.0,0.4498626679182053,0.0029586278839048566,6.890625
leather,20,10,1.0,0.0,0.4496943593025208,0.0026497545747969217,9.1875
leather,30,10,1.0,0.0,0.44923999309539797,0.002957945031299666,13.78125
leather,50,10,1.0,0.0,0.4475861728191376,0.0026111779529352243,22.96875
leather,61,10,1.0,0.0,0.4476172775030136,0.0033988160941828727,28.01953125
leather,122,10,1.0,0.0,0.4459527194499969,0.003404069719884598,56.0390625
leather,183,10,1.0,0.0,0.4459005892276764,0.0023392934305337836,84.064453125
leather,245,10,1.0,0.0,0.44524548053741453,0.0016072097699268704,112.546875
metal_nut,1,10,0.8027859330177307,0.051378986899005864,0.59445361495018,0.032137373315502996,0.45703125
metal_nut,2,10,0.8692082285881042,0.05322219718566153,0.7148110389709472,0.08045121674311524,0.9140625
metal_nut,5,10,0.9454545974731445,0.022735557155036324,0.8267709612846375,0.03765164244530063,2.296875
metal_nut,10,10,0.9728739142417908,0.010146239390967421,0.8600485920906067,0.005818880752428868,4.59375
metal_nut,15,10,0.9833333551883697,0.006494148583818657,0.869625860452652,0.003138139657824519,6.890625
metal_nut,20,10,0.9858748972415924,0.0038239461712776973,0.8706184208393097,0.004467048444490999,9.1875
metal_nut,30,10,0.9880254328250885,0.004632471398502178,0.8736362874507904,0.003141037388149275,13.78125
metal_nut,50,10,0.9925708770751953,0.002553200625710439,0.8776544272899628,0.0016071056370964012,22.96875
metal_nut,55,10,0.9934506356716156,0.0023966299778532753,0.8782399415969848,0.0019430929878188998,25.265625
metal_nut,110,10,0.9967253267765045,0.0009513699405797737,0.8808905780315399,0.0017867106293660935,50.53125
metal_nut,165,10,0.9974584519863129,0.0011239961633908659,0.8819054663181305,0.0007840942064395835,75.796875
metal_nut,220,10,0.9978005826473236,0.0008063836108899457,0.8823292851448059,0.0006290354679770356,101.0625
pill,1,10,0.804691755771637,0.03732936942597062,0.6531126201152802,0.04432408200526273,0.45703125
pill,2,10,0.8645662903785706,0.019416950848167906,0.7001956164836883,0.017829710435636553,0.9140625
pill,5,10,0.8882706224918365,0.01337022044767693,0.7268467009067535,0.013683385110197937,2.296875
pill,10,10,0.9088652312755585,0.014335987384998904,0.7371589422225953,0.012795185058661644,4.59375
pill,15,10,0.9130114614963531,0.01091673029730581,0.7436993360519409,0.00870717674886015,6.890625
pill,20,10,0.9196671962738037,0.008009975224510416,0.7467874526977539,0.008192230492479552,9.1875
pill,30,10,0.9254500508308411,0.010885310586536795,0.7487996280193329,0.007398346809323381,13.78125
pill,50,10,0.9261729300022126,0.010169891040636144,0.7548015296459198,0.003974459511892219,22.96875
pill,66,10,0.9313147783279419,0.010951751366822048,0.7572150290012359,0.0035429668258948536,30.31640625
pill,133,10,0.9377523243427277,0.005464313081490689,0.763871967792511,0.002088844929698273,61.095703125
pill,200,10,0.9422258734703064,0.0037639117628186555,0.7657136201858521,0.0010461983548203683,91.875
pill,267,10,0.9449535965919494,0.0034951827141428637,0.7673870027065277,0.0009061120932186981,122.6484375
screw,1,10,0.4839721411466599,0.02660344058869932,0.01469792826101179,0.0007689919794224533,0.45703125
screw,2,10,0.4935437798500061,0.0444386712034829,0.01639272393658753,0.0018896247776057338,0.9140625
screw,5,10,0.5413404375314712,0.06656442946551965,0.02352228127419944,0.004572603091032789,2.296875
screw,10,10,0.622320169210434,0.037430141883378336,0.03322364147752518,0.006867974347370983,4.59375
screw,15,10,0.6671449422836304,0.0395482568667374,0.05629000775516031,0.01231041480292465,6.890625
screw,20,10,0.7285919308662414,0.025354149696202866,0.07486871816217894,0.013575629032020123,9.1875
screw,30,10,0.7685591101646423,0.029743094985050587,0.11625512391328807,0.025688601202989485,13.78125
screw,50,10,0.8648083746433258,0.024504385966628663,0.21587901711463925,0.0527322783362779,22.96875
screw,80,10,0.9132506728172303,0.022982928823342047,0.2715716898441315,0.04729023528789189,36.75
screw,160,10,0.9624410688877105,0.012044787892293778,0.32432647943496706,0.012478814476539835,73.5
screw,240,10,0.9788891315460205,0.006466990507015084,0.3398596316576004,0.006493720796868667,110.25
screw,320,10,0.981717562675476,0.004517214626747309,0.3449676483869552,0.0030395071305003183,147.0
tile,1,10,0.9889249622821807,0.002534103116802935,0.5161967873573303,0.005083982620947231,0.45703125
tile,2,10,0.9881673634052277,0.0021497331310799425,0.5165459036827087,0.004953965691955963,0.9140625
tile,5,10,0.9884559273719787,0.0009314272553423225,0.5144544959068298,0.0047540709973987435,2.296875
tile,10,10,0.9888888657093048,0.0018691294494680801,0.5145747661590576,0.003630039649483572,4.59375
tile,15,10,0.9895382225513458,0.0020618847377151116,0.5146872282028199,0.002868511710566493,6.890625
tile,20,10,0.9892857015132904,0.0011027632962004054,0.5140813708305358,0.003068654282459246,9.1875
tile,30,10,0.989285683631897,0.001350354351874736,0.5158461987972259,0.0036692731035955282,13.78125
tile,50,10,0.9881312787532807,0.0014374894483753958,0.5173258125782013,0.0025532508150005045,22.96875
tile,57,10,0.9882395267486572,0.002063266079468362,0.5174032330513001,0.002944819322421703,26.1796875
tile,115,10,0.9883116543292999,0.0011047206149212647,0.5176214694976806,0.001884300399015655,52.828125
tile,172,10,0.9881673395633698,0.0007566995625693362,0.5172582626342773,0.0017423394182511788,79.0078125
tile,230,10,0.9883837938308716,0.0010032124346198515,0.5169474840164184,0.0005556397062521357,105.65625
toothbrush,1,10,0.8638888657093048,0.027746898904379837,0.5893129706382751,0.04333531436614394,0.45703125
toothbrush,2,10,0.9002778053283691,0.015954422556625703,0.5893702208995819,0.02836899555712565,0.9140625
toothbrush,5,10,0.934722226858139,0.036693993166849015,0.5791837632656097,0.02322761001056311,2.296875
toothbrush,10,10,0.9730555474758148,0.029804170298432898,0.5809318721294403,0.008632202332300533,4.59375
toothbrush,15,10,0.9869444489479064,0.020871337273265202,0.5790081202983857,0.006475681598898017,6.890625
toothbrush,20,10,0.9922222077846528,0.009693522512160054,0.5755259335041046,0.004885440626395434,9.1875
toothbrush,30,10,0.9966666579246521,0.006651225811077193,0.5712301671504975,0.005516100991422854,13.78125
toothbrush,50,10,0.9974999845027923,0.004430941329997815,0.5673101007938385,0.003343662427846787,22.96875
toothbrush,60,10,0.9994444370269775,0.0011712295856038096,0.565224701166153,0.002040227919120727,27.5625
transistor,1,10,0.7790416777133942,0.17822537850414163,0.5185263752937317,0.0793049711148131,0.45703125
transistor,2,10,0.8859166860580444,0.148736028518383,0.5788158863782883,0.0719326480684594,0.9140625
transistor,5,10,0.9763749957084655,0.023475139399708748,0.6310501873493195,0.029952574092873635,2.296875
transistor,10,10,0.9825416505336761,0.03312809531596323,0.656708562374115,0.026728005383087835,4.59375
transistor,15,10,0.9897916257381439,0.01379024039780431,0.6669491946697235,0.028806278615472972,6.890625
transistor,20,10,0.9891666352748871,0.016670126933328665,0.6703242719173431,0.0278946089300344,9.1875
transistor,30,10,0.9966666519641876,0.0036324062448640755,0.685693871974945,0.01632835232623054,13.78125
transistor,50,10,0.9981249749660492,0.0018241700906859596,0.6969252288341522,0.011167046775945839,22.96875
transistor,53,10,0.9978332877159118,0.0027833136342598932,0.696443647146225,0.010995330207053624,24.345703125
transistor,106,10,0.9983749747276306,0.0017396929436926647,0.7042791903018951,0.00477088176619153,48.69140625
transistor,159,10,0.9993749618530273,0.0008157689725917208,0.7053281545639039,0.0031711184231306396,73.037109375
transistor,213,10,0.9994166016578674,0.0008379711094894183,0.7079258561134338,0.0011076550237782183,97.845703125
wood,1,10,0.9797368526458741,0.0037547841630583218,0.4334237605333328,0.007681197708051139,0.45703125
wood,2,10,0.9806140482425689,0.003615581030306023,0.444976469874382,0.009082198486521292,0.9140625
wood,5,10,0.9832456052303314,0.0023189683937932908,0.45254417061805724,0.010126941209416932,2.296875
wood,10,10,0.9835964918136597,0.002377249728007354,0.4522898644208908,0.007963485315187221,4.59375
wood,15,10,0.9840351104736328,0.001930711231209292,0.45390214323997496,0.00800168761790613,6.890625
wood,20,10,0.9844737231731415,0.002266796981073384,0.4551392823457718,0.00923739423147208,9.1875
wood,30,10,0.9856140375137329,0.002234499790427137,0.4574195295572281,0.008050921221467534,13.78125
wood,50,10,0.9852631628513336,0.0017929498311447629,0.4612300455570221,0.00865331922505222,22.96875
wood,61,10,0.9854386150836945,0.001109593474708962,0.46149412393569944,0.006135457883571588,28.01953125
wood,123,10,0.9877193331718445,0.0021486691798173582,0.46568809151649476,0.005529140729139494,56.501953125
wood,185,10,0.9880702078342438,0.0013838834445188519,0.46940704584121706,0.004674563897377534,84.984375
wood,247,10,0.9886842727661133,0.0008723019506063807,0.46933613717556,0.0011486499995115103,113.4609375
zipper,1,10,0.948713231086731,0.014043327176717487,0.46374020278453826,0.018236545216162005,0.45703125
zipper,2,10,0.9570378184318542,0.012563759007635003,0.47517368495464324,0.017708521220857542,0.9140625
zipper,5,10,0.9680147111415863,0.01412210846330947,0.4833094716072083,0.015273483731603038,2.296875
zipper,10,10,0.9760766863822937,0.008367223168605829,0.48947845995426176,0.010027105660300694,4.59375
zipper,15,10,0.9776260495185852,0.008544238760060722,0.4957721769809723,0.00822642912285768,6.890625
zipper,20,10,0.9804621934890747,0.00690272642217156,0.5009818524122238,0.005275217057476546,9.1875
zipper,30,10,0.9828518629074097,0.005693234486263983,0.5033452779054641,0.005948399179107647,13.78125
zipper,50,10,0.9847426176071167,0.005085248603235318,0.508519321680069,0.003851634304254185,22.96875
zipper,60,10,0.9846113443374633,0.004531914799617815,0.5095478594303131,0.0036632770142470622,27.5625
zipper,120,10,0.9890756249427796,0.002266494202963251,0.5138810276985168,0.0025485829755155375,55.125
zipper,180,10,0.9904936790466309,0.0014531728283375665,0.5156741499900818,0.0014270771061257112,82.6875
zipper,240,10,0.9922005951404571,0.0014597390727038567,0.5162411987781524,0.0015520095331587598,110.25
